"method","leaf","rule","offset","stations"
"leaf2_split35_cw32_ew12_top20","0","transportation_ratio_ring_0_1km <= 0.15737653 AND distance_to_industrial_park_m <= 4250.918 AND forest_ratio_ring_5_10km <= 0.26506471 AND ocean_ratio_ring_20_50km <= 0.40166289 AND forest_ratio_ring_0_1km <= 0.019264888","0","2"
"leaf2_split35_cw32_ew12_top20","1","transportation_ratio_ring_0_1km <= 0.15737653 AND distance_to_industrial_park_m <= 4250.918 AND forest_ratio_ring_5_10km <= 0.26506471 AND ocean_ratio_ring_20_50km <= 0.40166289 AND forest_ratio_ring_0_1km > 0.019264888","-1","2"
"leaf2_split35_cw32_ew12_top20","2","transportation_ratio_ring_0_1km <= 0.15737653 AND distance_to_industrial_park_m <= 4250.918 AND forest_ratio_ring_5_10km <= 0.26506471 AND ocean_ratio_ring_20_50km > 0.40166289 AND ndvi_mean_3km <= 0.45200488","-2","2"
"leaf2_split35_cw32_ew12_top20","3","transportation_ratio_ring_0_1km <= 0.15737653 AND distance_to_industrial_park_m <= 4250.918 AND forest_ratio_ring_5_10km <= 0.26506471 AND ocean_ratio_ring_20_50km > 0.40166289 AND ndvi_mean_3km > 0.45200488","-3","2"
"leaf2_split35_cw32_ew12_top20","4","transportation_ratio_ring_0_1km <= 0.15737653 AND distance_to_industrial_park_m <= 4250.918 AND forest_ratio_ring_5_10km > 0.26506471 AND ocean_ratio_ring_20_50km <= 0.44231011","-10","3"
"leaf2_split35_cw32_ew12_top20","5","transportation_ratio_ring_0_1km <= 0.15737653 AND distance_to_industrial_park_m <= 4250.918 AND forest_ratio_ring_5_10km > 0.26506471 AND ocean_ratio_ring_20_50km > 0.44231011","-2","2"
"leaf2_split35_cw32_ew12_top20","6","transportation_ratio_ring_0_1km <= 0.15737653 AND distance_to_industrial_park_m > 4250.918 AND commercial_ratio_ring_0_1km <= 0.0016728558","10","2"
"leaf2_split35_cw32_ew12_top20","7","transportation_ratio_ring_0_1km <= 0.15737653 AND distance_to_industrial_park_m > 4250.918 AND commercial_ratio_ring_0_1km > 0.0016728558 AND ndvi_seasonal_amplitude_3km <= 0.050668685","1","2"
"leaf2_split35_cw32_ew12_top20","8","transportation_ratio_ring_0_1km <= 0.15737653 AND distance_to_industrial_park_m > 4250.918 AND commercial_ratio_ring_0_1km > 0.0016728558 AND ndvi_seasonal_amplitude_3km > 0.050668685 AND agriculture_ratio_ring_0_1km <= 0.48558497 AND transportation_ratio_ring_0_1km <= 0.091308866 AND built_up_ratio_ring_1_5km <= 0.027787266","-7","2"
"leaf2_split35_cw32_ew12_top20","9","transportation_ratio_ring_0_1km <= 0.15737653 AND distance_to_industrial_park_m > 4250.918 AND commercial_ratio_ring_0_1km > 0.0016728558 AND ndvi_seasonal_amplitude_3km > 0.050668685 AND agriculture_ratio_ring_0_1km <= 0.48558497 AND transportation_ratio_ring_0_1km <= 0.091308866 AND built_up_ratio_ring_1_5km > 0.027787266","-11","4"
"leaf2_split35_cw32_ew12_top20","10","transportation_ratio_ring_0_1km <= 0.15737653 AND distance_to_industrial_park_m > 4250.918 AND commercial_ratio_ring_0_1km > 0.0016728558 AND ndvi_seasonal_amplitude_3km > 0.050668685 AND agriculture_ratio_ring_0_1km <= 0.48558497 AND transportation_ratio_ring_0_1km > 0.091308866","-12","2"
"leaf2_split35_cw32_ew12_top20","11","transportation_ratio_ring_0_1km <= 0.15737653 AND distance_to_industrial_park_m > 4250.918 AND commercial_ratio_ring_0_1km > 0.0016728558 AND ndvi_seasonal_amplitude_3km > 0.050668685 AND agriculture_ratio_ring_0_1km > 0.48558497","-6","2"
"leaf2_split35_cw32_ew12_top20","12","transportation_ratio_ring_0_1km > 0.15737653 AND industrial_ratio_ring_10_20km <= 0.027946076 AND ocean_ratio_ring_20_50km <= 0.51162229 AND transportation_ratio_ring_0_1km <= 0.31832254 AND commercial_ratio_ring_0_1km <= 0.041723754 AND industrial_ratio_ring_1_5km <= 0.0094356747","10","3"
"leaf2_split35_cw32_ew12_top20","13","transportation_ratio_ring_0_1km > 0.15737653 AND industrial_ratio_ring_10_20km <= 0.027946076 AND ocean_ratio_ring_20_50km <= 0.51162229 AND transportation_ratio_ring_0_1km <= 0.31832254 AND commercial_ratio_ring_0_1km <= 0.041723754 AND industrial_ratio_ring_1_5km > 0.0094356747 AND ndvi_mean_1km <= 0.3061984 AND built_up_ratio_ring_1_5km <= 0.32247263","0","2"
"leaf2_split35_cw32_ew12_top20","14","transportation_ratio_ring_0_1km > 0.15737653 AND industrial_ratio_ring_10_20km <= 0.027946076 AND ocean_ratio_ring_20_50km <= 0.51162229 AND transportation_ratio_ring_0_1km <= 0.31832254 AND commercial_ratio_ring_0_1km <= 0.041723754 AND industrial_ratio_ring_1_5km > 0.0094356747 AND ndvi_mean_1km <= 0.3061984 AND built_up_ratio_ring_1_5km > 0.32247263","2","2"
"leaf2_split35_cw32_ew12_top20","15","transportation_ratio_ring_0_1km > 0.15737653 AND industrial_ratio_ring_10_20km <= 0.027946076 AND ocean_ratio_ring_20_50km <= 0.51162229 AND transportation_ratio_ring_0_1km <= 0.31832254 AND commercial_ratio_ring_0_1km <= 0.041723754 AND industrial_ratio_ring_1_5km > 0.0094356747 AND ndvi_mean_1km > 0.3061984 AND industrial_park_ratio_ring_1_5km <= 0.030080509 AND built_up_ratio_ring_1_5km <= 0.1859145","3","2"
"leaf2_split35_cw32_ew12_top20","16","transportation_ratio_ring_0_1km > 0.15737653 AND industrial_ratio_ring_10_20km <= 0.027946076 AND ocean_ratio_ring_20_50km <= 0.51162229 AND transportation_ratio_ring_0_1km <= 0.31832254 AND commercial_ratio_ring_0_1km <= 0.041723754 AND industrial_ratio_ring_1_5km > 0.0094356747 AND ndvi_mean_1km > 0.3061984 AND industrial_park_ratio_ring_1_5km <= 0.030080509 AND built_up_ratio_ring_1_5km > 0.1859145","4","4"
"leaf2_split35_cw32_ew12_top20","17","transportation_ratio_ring_0_1km > 0.15737653 AND industrial_ratio_ring_10_20km <= 0.027946076 AND ocean_ratio_ring_20_50km <= 0.51162229 AND transportation_ratio_ring_0_1km <= 0.31832254 AND commercial_ratio_ring_0_1km <= 0.041723754 AND industrial_ratio_ring_1_5km > 0.0094356747 AND ndvi_mean_1km > 0.3061984 AND industrial_park_ratio_ring_1_5km > 0.030080509 AND forest_ratio_ring_0_1km <= 0.009389778","5","2"
"leaf2_split35_cw32_ew12_top20","18","transportation_ratio_ring_0_1km > 0.15737653 AND industrial_ratio_ring_10_20km <= 0.027946076 AND ocean_ratio_ring_20_50km <= 0.51162229 AND transportation_ratio_ring_0_1km <= 0.31832254 AND commercial_ratio_ring_0_1km <= 0.041723754 AND industrial_ratio_ring_1_5km > 0.0094356747 AND ndvi_mean_1km > 0.3061984 AND industrial_park_ratio_ring_1_5km > 0.030080509 AND forest_ratio_ring_0_1km > 0.009389778","6","3"
"leaf2_split35_cw32_ew12_top20","19","transportation_ratio_ring_0_1km > 0.15737653 AND industrial_ratio_ring_10_20km <= 0.027946076 AND ocean_ratio_ring_20_50km <= 0.51162229 AND transportation_ratio_ring_0_1km <= 0.31832254 AND commercial_ratio_ring_0_1km > 0.041723754 AND ndvi_seasonal_amplitude_3km <= 0.055455082","-4","2"
"leaf2_split35_cw32_ew12_top20","20","transportation_ratio_ring_0_1km > 0.15737653 AND industrial_ratio_ring_10_20km <= 0.027946076 AND ocean_ratio_ring_20_50km <= 0.51162229 AND transportation_ratio_ring_0_1km <= 0.31832254 AND commercial_ratio_ring_0_1km > 0.041723754 AND ndvi_seasonal_amplitude_3km > 0.055455082","1","4"
"leaf2_split35_cw32_ew12_top20","21","transportation_ratio_ring_0_1km > 0.15737653 AND industrial_ratio_ring_10_20km <= 0.027946076 AND ocean_ratio_ring_20_50km <= 0.51162229 AND transportation_ratio_ring_0_1km > 0.31832254","-10","2"
"leaf2_split35_cw32_ew12_top20","22","transportation_ratio_ring_0_1km > 0.15737653 AND industrial_ratio_ring_10_20km <= 0.027946076 AND ocean_ratio_ring_20_50km > 0.51162229 AND forest_ratio_ring_0_1km <= 0.0086147111","-6","3"
"leaf2_split35_cw32_ew12_top20","23","transportation_ratio_ring_0_1km > 0.15737653 AND industrial_ratio_ring_10_20km <= 0.027946076 AND ocean_ratio_ring_20_50km > 0.51162229 AND forest_ratio_ring_0_1km > 0.0086147111","-11","2"
"leaf2_split35_cw32_ew12_top20","24","transportation_ratio_ring_0_1km > 0.15737653 AND industrial_ratio_ring_10_20km > 0.027946076 AND transportation_ratio_ring_0_1km <= 0.22879997 AND forest_ratio_ring_1_5km <= 0.072641559","-6","3"
"leaf2_split35_cw32_ew12_top20","25","transportation_ratio_ring_0_1km > 0.15737653 AND industrial_ratio_ring_10_20km > 0.027946076 AND transportation_ratio_ring_0_1km <= 0.22879997 AND forest_ratio_ring_1_5km > 0.072641559","-13","2"
"leaf2_split35_cw32_ew12_top20","26","transportation_ratio_ring_0_1km > 0.15737653 AND industrial_ratio_ring_10_20km > 0.027946076 AND transportation_ratio_ring_0_1km > 0.22879997 AND industrial_ratio_ring_10_20km <= 0.038568768 AND transportation_ratio_ring_0_1km <= 0.30021581 AND transportation_ratio_ring_0_1km <= 0.26903536","6","2"
"leaf2_split35_cw32_ew12_top20","27","transportation_ratio_ring_0_1km > 0.15737653 AND industrial_ratio_ring_10_20km > 0.027946076 AND transportation_ratio_ring_0_1km > 0.22879997 AND industrial_ratio_ring_10_20km <= 0.038568768 AND transportation_ratio_ring_0_1km <= 0.30021581 AND transportation_ratio_ring_0_1km > 0.26903536","9","3"
"leaf2_split35_cw32_ew12_top20","28","transportation_ratio_ring_0_1km > 0.15737653 AND industrial_ratio_ring_10_20km > 0.027946076 AND transportation_ratio_ring_0_1km > 0.22879997 AND industrial_ratio_ring_10_20km <= 0.038568768 AND transportation_ratio_ring_0_1km > 0.30021581","-1","2"
"leaf2_split35_cw32_ew12_top20","29","transportation_ratio_ring_0_1km > 0.15737653 AND industrial_ratio_ring_10_20km > 0.027946076 AND transportation_ratio_ring_0_1km > 0.22879997 AND industrial_ratio_ring_10_20km > 0.038568768","0","2"
